Title,Date
"Death of the Pastor's Wife: Helpmate","9/19/26"
"Death of the Pastor's Wife: A Note From Your Pastor","9/18/26"
"The Dark Knight","9/13/26"
"Quarterback: Season 3: Face of the Franchise","9/12/26"
"NFL Melbourne Game: 49ers vs Rams","9/11/26"
"Beauty in Black: Season 1: A Dance with Daddy","9/4/26"
"Beauty in Black: Season 1: Make It Rain","9/4/26"
"Love Is Blind: UK: Season 3: Gotta Stop Telling These Girls I Love Them!","9/4/26"
"72 HOURS","8/7/26"
"The Breakfast Club: Full Interviews: Full Interview: T.K. Kirkland Talks New Series ‘Lot Patrol’, Fatherhood, Modern Dating, Upcoming Shows + More | Jul 17","8/2/26"
"Olóládé: Bank Alert","7/25/26"
"Lobola Man","7/25/26"
"Orange Is the New Black: Season 1: I Wasn't Ready","7/9/26"
"The Fast and the Furious","7/5/26"
"Nemesis: Season 1: A Long Time Coming","7/4/26"
"Lucifer: Season 1: Pilot","7/4/26"
"To Kill a Monkey: In the Beginning…","7/4/26"
"The School for Good and Evil","7/4/26"
"Wednesday: Season 1: Wednesday's Child Is Full of Woe","7/4/26"
"Lost in Space: Season 1: Impact","7/4/26"
"The Umbrella Academy: Season 1: We Only See Each Other at Weddings and Funerals","7/4/26"
"Another Life: Season 1: Across the Universe","7/4/26"
"The Night Agent: Season 3: Razzmatazz","7/4/26"
"The Night Agent: Season 3: Lockstep","7/4/26"
"The Night Agent: Season 3: Truth Be Told","7/4/26"
"The Night Agent: Season 3: Once Upon a Time...","7/3/26"
"The Night Agent: Season 3: Murky Waters","7/3/26"
"The Night Agent: Season 3: The Isolation Play","7/3/26"
"The Night Agent: Season 3: Orion","7/3/26"
"The Night Agent: Season 3: Dark Matters","7/3/26"
"The Night Agent: Season 3: Package Deal","7/3/26"
"The Night Agent: Season 3: Call Waiting","7/3/26"
"The Night Agent: Season 2: Buyer's Remorse","7/3/26"
"The Night Agent: Season 2: Cultural Exchange","7/2/26"
"The Night Agent: Season 2: A Family Matter","7/2/26"
"Chilling Adventures of Sabrina: Part 1: Chapter One: October Country","7/2/26"
"Boots: The Crucible","7/2/26"
"Boots: Love Is a Battlefield","7/2/26"
"Boots: The Things We Carry","7/2/26"
"Boots: Bullseye","7/2/26"
"Boots: Sink or Swim","7/1/26"
"Boots: The Confidence Course","7/1/26"
"Boots: The Buddy System","7/1/26"
"Boots: The Pink Marine","7/1/26"
"Chilling Adventures of Sabrina: Part 1: Chapter Ten: The Witching Hour","7/1/26"
"Chilling Adventures of Sabrina: Part 1: Chapter Nine: The Returned Man","7/1/26"
"Chilling Adventures of Sabrina: Part 1: Chapter Eight: The Burial","7/1/26"
"Amandla","7/1/26"
"The Resident: Season 1: Comrades in Arms","7/1/26"
"The Resident: Season 1: Independence Day","7/1/26"
"The Resident: Season 1: Pilot","7/1/26"
"The Art of Sarah: Limited Series: Jane Doe","7/1/26"
"Teach You a Lesson: Limited Series: Episode 10","7/1/26"
"Teach You a Lesson: Limited Series: Episode 9","7/1/26"
"Teach You a Lesson: Limited Series: Episode 8","7/1/26"
"Young Sheldon: Season 1: Pilot","6/30/26"
"Teach You a Lesson: Limited Series: Episode 7","6/30/26"
"Teach You a Lesson: Limited Series: Episode 6","6/30/26"
"Teach You a Lesson: Limited Series: Episode 5","6/30/26"
"Homeland: Season 1: Grace","6/29/26"
"Homeland: Season 1: Pilot","6/29/26"
"Teach You a Lesson: Limited Series: Episode 4","6/29/26"
"Teach You a Lesson: Limited Series: Episode 3","6/29/26"
"S.W.A.T.: Season 1: Pilot","6/29/26"
"The Cleaning Lady: Season 1: Episode 1","6/29/26"
"Bad Influencer: Moghel Slay","6/28/26"
"Teach You a Lesson: Limited Series: Episode 2","6/28/26"
"Bad Influencer: Plug That Hole","6/28/26"
"Bad Influencer: Fake Bags! Fake Bags!","6/28/26"
"Teach You a Lesson: Limited Series: Episode 1","6/27/26"
"Bad Influencer: Welcome to the Real Joburg","6/27/26"
"The Polygamist: Episode 1","6/27/26"
"Gone Girls: The Long Island Serial Killer: Part Two","5/30/26"
"Gone Girls: The Long Island Serial Killer: Part One","5/29/26"
"Street Flow 3","5/24/26"
"Bandi: Episode 1","5/8/26"
"The Take","4/23/26"
"The Night Agent: Season 1: The Call","2/28/26"
"Animal Kingdom: Season 1: Pilot","2/11/26"
"Power: Season 2: Who You Are and Who You Want to Be","1/31/26"
"Sean Combs: The Reckoning: Blink Again","12/20/25"
"Sean Combs: The Reckoning: Official Girl","12/20/25"
"Sean Combs: The Reckoning: What Goes Down Must Come Up","12/20/25"
"Sean Combs: The Reckoning: Pain vs Love","12/18/25"
"Doing Hard Time","12/7/25"
"Glamour Girls","12/7/25"
"Power: Season 2: You're the Only Person I Can Trust","12/2/25"
"Power: Season 2: Like We're Any Other Couple","12/2/25"
"Power: Season 2: No Friends on the Street","12/2/25"
"Power: Season 2: Consequences","12/2/25"
"K.O.","12/1/25"
"The Black Book","11/30/25"
"Beauty in Black: Season 2: Hold The Pleasantries","11/29/25"
"Beauty in Black: Season 2: Gloves Off","11/29/25"
"Beauty in Black: Season 2: The Enemy of My Enemy","11/29/25"
"Beauty in Black: Season 2: Hunter's Prey","11/29/25"
"Beauty in Black: Season 2: The Next Chapter","11/29/25"
"Beauty in Black: Season 2: Blaze of Beauty","11/29/25"
"Beauty in Black: Season 2: When the Tables Turn","11/29/25"
"Beauty in Black: Season 2: Crowned in Beauty","11/28/25"
"The Vince Staples Show: Season 1: Black Business","11/28/25"
"The Vince Staples Show: Season 1: Pink House","11/28/25"
"No Good Deed","11/22/25"
"Bob Marley: One Love","11/22/25"
"Òlòtūré: The Journey: Season 1: Episode 1","11/15/25"
"Power: Best Laid Plans","11/9/25"
"Power: Loyalty","11/9/25"
"Power: Who You With?","11/9/25"
"Power: I Gotta Go","11/7/25"
"Power: Who Are You?","11/7/25"
"Power: This Is Real","11/7/25"
"Power: Whoever He Is","11/7/25"
"Power: Not Exactly How We Planned","11/7/25"
"Blood Vessel","11/7/25"
"To Kill a Monkey: Who Wins at the End?","10/26/25"
"To Kill a Monkey: A Chilling Ultimatum","10/25/25"
"To Kill a Monkey: Pour Petrol on Fire","10/24/25"
"To Kill a Monkey: House of Cards","10/24/25"
"To Kill a Monkey: Pay Your Tax","10/24/25"
"To Kill a Monkey: Four Years Later","10/22/25"
"To Kill a Monkey: Hand of Friendship","10/21/25"
"Yahoo+","10/19/25"
"The Perfect Neighbor","10/19/25"
"Far From Home: Welcome to Wilmer","10/13/25"
"Swallow","10/13/25"
"FOREVER: Fourth Quarter","9/8/25"
"FOREVER: Ghosted","9/8/25"
"FOREVER: Reunion","9/8/25"
"Blood Sisters: Season 1: It's a Bloody Affair","8/28/25"
"A Sunday Affair","8/22/25"
"Gangs of London: Season 2: Episode 4","4/27/25"
"Gangs of London: Season 2: Episode 3","4/26/25"
"Eternal Sunshine of the Spotless Mind","3/16/25"
"Big Mouth: Season 7: The Ambition Gremlin","1/24/25"
"Big Mouth: Season 7: Epididymitis","12/23/24"
"Incoming","12/22/24"
"3096 Days","12/22/24"
"Big Mouth: Season 7: Big Mouth’s Going to High School (But Not for Nine More Episodes)","12/21/24"
"American Psycho","9/24/24"
"Sex Education: Season 3: Episode 8","9/14/24"
"Sex Education: Season 3: Episode 6","9/11/24"
"Fatal Attraction","9/4/24"
"Entergalactic","7/27/24"
"Fight Club","7/14/24"
"Waves","7/5/24"
"Dexter: Dexter (Pilot)","6/14/24"
"Girl, Interrupted","6/10/24"
"Bodkin: One True Mystery","5/27/24"
"Punch-Drunk Love","5/27/24"
"They Cloned Tyrone","3/27/24"
"Outer Banks: Season 3: Poguelandia","3/8/24"
"Outer Banks: Season 2: The Coastal Venture","3/8/24"
