show,genre,type,country,iso
3096 Days,Drama,Film,Germany,276
72 HOURS,Drama,Film,Unknown,
A Sunday Affair,Romance,Film,Nigeria,566
Amandla,Crime & Thriller,Film,South Africa,710
American Psycho,Crime & Thriller,Film,United States,840
Animal Kingdom,Crime & Thriller,Series,United States,840
Another Life,Sci-Fi & Fantasy,Series,United States,840
Bad Influencer,Comedy,Series,South Africa,710
Bandi,Drama,Series,Unknown,
Beauty in Black,Drama,Series,United States,840
Big Mouth,Comedy,Series,United States,840
Blood Sisters,Crime & Thriller,Series,Nigeria,566
Blood Vessel,Crime & Thriller,Film,Nigeria,566
Bob Marley,Drama,Film,United States,840
Bodkin,Crime & Thriller,Series,United States,840
Boots,Drama,Series,United States,840
Chilling Adventures of Sabrina,Sci-Fi & Fantasy,Series,United States,840
Death of the Pastor's Wife,Documentary,Series,Unknown,
Dexter,Crime & Thriller,Series,United States,840
Doing Hard Time,Drama,Film,Unknown,
Entergalactic,Romance,Film,United States,840
Eternal Sunshine of the Spotless Mind,Romance,Film,United States,840
FOREVER,Romance,Series,United States,840
Far From Home,Drama,Series,Nigeria,566
Fatal Attraction,Crime & Thriller,Series,United States,840
Fight Club,Drama,Film,United States,840
Gangs of London,Crime & Thriller,Series,United Kingdom,826
"Girl, Interrupted",Drama,Film,United States,840
Glamour Girls,Crime & Thriller,Film,Nigeria,566
Gone Girls,Documentary,Series,United States,840
Homeland,Crime & Thriller,Series,United States,840
Incoming,Comedy,Film,United States,840
K.O.,Crime & Thriller,Film,France,250
Lobola Man,Romance,Film,South Africa,710
Lost in Space,Sci-Fi & Fantasy,Series,United States,840
Love Is Blind,Reality,Series,United Kingdom,826
Lucifer,Sci-Fi & Fantasy,Series,United States,840
NFL Melbourne Game,Sports,Film,United States,840
Nemesis,Crime & Thriller,Series,United States,840
No Good Deed,Comedy,Series,United States,840
Olóládé,Drama,Series,Nigeria,566
Orange Is the New Black,Drama,Series,United States,840
Outer Banks,Drama,Series,United States,840
Power,Crime & Thriller,Series,United States,840
Punch-Drunk Love,Romance,Film,United States,840
Quarterback,Sports,Series,United States,840
S.W.A.T.,Crime & Thriller,Series,United States,840
Sean Combs,Documentary,Series,United States,840
Sex Education,Comedy,Series,United Kingdom,826
Street Flow 3,Drama,Film,France,250
Swallow,Drama,Film,Nigeria,566
Teach You a Lesson,Crime & Thriller,Series,South Korea,410
The Art of Sarah,Crime & Thriller,Series,South Korea,410
The Black Book,Crime & Thriller,Film,Nigeria,566
The Breakfast Club,Talk Show,Series,United States,840
The Cleaning Lady,Crime & Thriller,Series,United States,840
The Dark Knight,Sci-Fi & Fantasy,Film,United States,840
The Fast and the Furious,Crime & Thriller,Film,United States,840
The Night Agent,Crime & Thriller,Series,United States,840
The Perfect Neighbor,Documentary,Film,United States,840
The Polygamist,Drama,Series,Unknown,
The Resident,Drama,Series,United States,840
The School for Good and Evil,Sci-Fi & Fantasy,Film,United States,840
The Take,Crime & Thriller,Film,Unknown,
The Umbrella Academy,Sci-Fi & Fantasy,Series,United States,840
The Vince Staples Show,Comedy,Series,United States,840
They Cloned Tyrone,Sci-Fi & Fantasy,Film,United States,840
To Kill a Monkey,Crime & Thriller,Series,Kenya,404
Waves,Drama,Film,United States,840
Wednesday,Sci-Fi & Fantasy,Series,United States,840
Yahoo+,Comedy,Film,Nigeria,566
Young Sheldon,Comedy,Series,United States,840
Òlòtūré,Crime & Thriller,Series,Nigeria,566
